title,heading,content,tokens
Matreshka VPN,Background-13,"Меня зовут Матрешка",11
Matreshka VPN,Background-1,"MatreshkaVPN безотказный и простой в использовании анонимайзер позволяющий вам посещать любые сайты и приложения, на которые наложены ограничения провайдером, оставаясь полностью анонимным. Matreshka не просто подменяет локацию вашего устройства, но и передает все ваши запросы в зашифрованном виде, переводя устройство в режим “невидимки”. Высокая скорость соединения, неограниченный трафик и различное расположение сервером обеспечат вам комфортное использование любых сайтов и приложений. MatreshkaVPN не мешает работе остальных приложений и не снижает скорость вашего интернета.",229
Matreshka VPN,Background-2,"Неблокируемый VPN для пользователей из России. Быстро, просто, работает всегда!",34
Matreshka VPN,Background-3,"БЕЗОПАСНОСТЬ.Защита ваших данных.Посещайте любые сайты, которые хотите. Ваши данные надежно защищены от слежки.",60
Matreshka VPN,Background-4,"НАДЕЖНОСТЬ.Обход блокировок.Пользуйтесь своими любимыми сервисами и заходите на привычные сайты как раньше!",56
Matreshka VPN,Background-5,"СКОРОСТЬ.Устойчивое и быстрое соединение.Качайте файлы, смотрите видео, слушайте музыку - быстро и без ограничений.",62
Matreshka VPN,Background-6,"Что такое VPN и как его подключить? VPN это частная виртуальная сеть, позволяющая вам сохранять анонимность в интернете, скрывая ваше реальное местоположение и шифруя ваши запросы. Чтобы подключить MatreshkaVPN вам достаточно скачать приложение на свое устройство и просто нажать на кнопку “включить”.",119
Matreshka VPN,Background-7,"VPN ворует данные? Нет, VPN не ворует ваши данные, напротив он их защищает, однако неблагонадежные провайдеры сохраняют логи ваших действий, никогда не используйте VPN сервисы сохраняющие логи.",83
Matreshka VPN,Background-8,"Как установить VPN на iPhone? Вам нужно просто скачать Matresha VPN из app store https://apps.apple.com/ge/app/matreshka-vpn/id1622803257",44
Matreshka VPN,Background-9,"VPN могут заблокировать? Многие крупные провайдеры VPN были заблокированы в РФ, однако Matreshka VPN разработана таким образом, что ее блокировка невозможна.",68
Matreshka VPN,Background-10,"Зачем мне нужен VPN? Никто, даже ваш провайдер, не узнает чем вы занимаетесь онлайн. С помощью VPN вы можете посещать любые сайты и приложения даже если они заблокированы на государственном уровне, например как facebook, instagram и twitter.",95
Matreshka VPN,Background-11,"Как установить VPN на Android? Вам нужно просто скачать Matresha VPN из google playmarket https://play.google.com/store/apps/details?id=com.matreshkav",42
Matreshka VPN,Background-12,"VPN это законно? Использование VPN в России не запрещено законом и не наказывается ни государством ни провайдером связи.",49